Date,City,Actual_SPI_3,Predicted_SPI_3,Residual,Absolute_Error,Actual_Drought,Predicted_Drought,Actual_Status,Predicted_Status,Actual_SPI_Category,Predicted_SPI_Category,Predicted_Drought_LSTM,Actual_Condition,LSTM_Condition
2018-12-01,Riyadh,1.1439003,0.7532994,0.39060086,0.39060086,0,0,No Drought,No Drought,Moderately Wet,Near Normal,0,No drought,No drought
2019-01-01,Riyadh,0.6186573,0.97619873,-0.35754144,0.35754144,0,0,No Drought,No Drought,Near Normal,Near Normal,0,No drought,No drought
2019-02-01,Riyadh,0.27986172,0.20656112,0.0733006,0.0733006,0,0,No Drought,No Drought,Near Normal,Near Normal,0,No drought,No drought
2019-03-01,Riyadh,-0.6825305,-0.34311035,-0.33942017,0.33942017,0,0,No Drought,No Drought,Near Normal,Near Normal,0,No drought,No drought
2019-04-01,Riyadh,-0.37494344,-0.7796746,0.40473115,0.40473115,0,0,No Drought,No Drought,Near Normal,Near Normal,0,No drought,No drought
2019-05-01,Riyadh,-0.32009506,-0.39050612,0.07041106,0.07041106,0,0,No Drought,No Drought,Near Normal,Near Normal,0,No drought,No drought
2019-06-01,Riyadh,0.27625963,-0.15837912,0.43463874,0.43463874,0,0,No Drought,No Drought,Near Normal,Near Normal,0,No drought,No drought
2019-07-01,Riyadh,0.61737597,-0.22190489,0.83928084,0.83928084,0,0,No Drought,No Drought,Near Normal,Near Normal,0,No drought,No drought
2019-08-01,Riyadh,-0.37919176,-0.1448138,-0.23437795,0.23437795,0,0,No Drought,No Drought,Near Normal,Near Normal,0,No drought,No drought
2019-09-01,Riyadh,-0.3487557,0.011447773,-0.36020347,0.36020347,0,0,No Drought,No Drought,Near Normal,Near Normal,0,No drought,No drought
2019-10-01,Riyadh,-0.5048896,-0.08853715,-0.41635245,0.41635245,0,0,No Drought,No Drought,Near Normal,Near Normal,0,No drought,No drought
2019-11-01,Riyadh,0.70366955,-0.3076307,1.0113002,1.0113002,0,0,No Drought,No Drought,Near Normal,Near Normal,0,No drought,No drought
2019-12-01,Riyadh,0.33577898,0.19049904,0.14527994,0.14527994,0,0,No Drought,No Drought,Near Normal,Near Normal,0,No drought,No drought
2020-01-01,Riyadh,0.043027297,-0.11944292,0.16247022,0.16247022,0,0,No Drought,No Drought,Near Normal,Near Normal,0,No drought,No drought
2020-02-01,Riyadh,-0.67994875,-0.3559923,-0.32395646,0.32395646,0,0,No Drought,No Drought,Near Normal,Near Normal,0,No drought,No drought
2020-03-01,Riyadh,-0.84058964,-0.7850841,-0.055505514,0.055505514,0,0,No Drought,No Drought,Near Normal,Near Normal,0,No drought,No drought
2020-04-01,Riyadh,0.6160582,-0.94499636,1.5610545,1.5610545,0,0,No Drought,No Drought,Near Normal,Near Normal,0,No drought,No drought
2020-05-01,Riyadh,0.90707153,1.2783316,-0.3712601,0.3712601,0,0,No Drought,No Drought,Near Normal,Moderately Wet,0,No drought,No drought
2020-06-01,Riyadh,1.6372476,0.9998124,0.63743514,0.63743514,0,0,No Drought,No Drought,Very Wet,Near Normal,0,No drought,No drought
2020-07-01,Riyadh,0.20491534,0.2490974,-0.044182062,0.044182062,0,0,No Drought,No Drought,Near Normal,Near Normal,0,No drought,No drought
2020-08-01,Riyadh,0.71265006,0.07962316,0.6330269,0.6330269,0,0,No Drought,No Drought,Near Normal,Near Normal,0,No drought,No drought
2020-09-01,Riyadh,0.7784739,0.13459775,0.6438762,0.6438762,0,0,No Drought,No Drought,Near Normal,Near Normal,0,No drought,No drought
2020-10-01,Riyadh,-0.5048896,0.017229522,-0.5221191,0.5221191,0,0,No Drought,No Drought,Near Normal,Near Normal,0,No drought,No drought
2020-11-01,Riyadh,0.41049033,-0.39523685,0.8057272,0.8057272,0,0,No Drought,No Drought,Near Normal,Near Normal,0,No drought,No drought
2020-12-01,Riyadh,0.18195415,-0.16494459,0.34689873,0.34689873,0,0,No Drought,No Drought,Near Normal,Near Normal,0,No drought,No drought
2021-01-01,Riyadh,0.13264409,-0.20588054,0.33852464,0.33852464,0,0,No Drought,No Drought,Near Normal,Near Normal,0,No drought,No drought
2021-02-01,Riyadh,-0.018292999,0.10468878,-0.12298178,0.12298178,0,0,No Drought,No Drought,Near Normal,Near Normal,0,No drought,No drought
2021-03-01,Riyadh,-0.16534759,-0.07413605,-0.09121154,0.09121154,0,0,No Drought,No Drought,Near Normal,Near Normal,0,No drought,No drought
2021-04-01,Riyadh,-0.4975132,-0.66939294,0.17187974,0.17187974,0,0,No Drought,No Drought,Near Normal,Near Normal,0,No drought,No drought
2021-05-01,Riyadh,-0.54769087,-0.44615957,-0.1015313,0.1015313,0,0,No Drought,No Drought,Near Normal,Near Normal,0,No drought,No drought
2021-06-01,Riyadh,-0.04936816,-0.37957296,0.33020478,0.33020478,0,0,No Drought,No Drought,Near Normal,Near Normal,0,No drought,No drought
2021-07-01,Riyadh,0.43412858,-0.3538812,0.78800976,0.78800976,0,0,No Drought,No Drought,Near Normal,Near Normal,0,No drought,No drought
2021-08-01,Riyadh,1.2890357,-0.039586928,1.3286226,1.3286226,0,0,No Drought,No Drought,Moderately Wet,Near Normal,0,No drought,No drought
2021-09-01,Riyadh,1.2994581,-0.034594856,1.334053,1.334053,0,0,No Drought,No Drought,Moderately Wet,Near Normal,0,No drought,No drought
2021-10-01,Riyadh,-0.5048896,-0.11188818,-0.39300144,0.39300144,0,0,No Drought,No Drought,Near Normal,Near Normal,0,No drought,No drought
2021-11-01,Riyadh,-1.2687073,-0.30468026,-0.96402705,0.96402705,1,0,Drought,No Drought,Moderate Drought,Near Normal,0,Drought,No drought
2021-12-01,Riyadh,-0.30490375,-0.5259071,0.22100335,0.22100335,0,0,No Drought,No Drought,Near Normal,Near Normal,0,No drought,No drought
2022-01-01,Riyadh,0.842555,-0.46994352,1.3124986,1.3124986,0,0,No Drought,No Drought,Near Normal,Near Normal,0,No drought,No drought
2022-02-01,Riyadh,0.78052264,1.1962821,-0.4157595,0.4157595,0,0,No Drought,No Drought,Near Normal,Moderately Wet,0,No drought,No drought
2022-03-01,Riyadh,0.64981997,0.62586254,0.023957431,0.023957431,0,0,No Drought,No Drought,Near Normal,Near Normal,0,No drought,No drought
2022-04-01,Riyadh,-0.36183918,-0.6979605,0.33612132,0.33612132,0,0,No Drought,No Drought,Near Normal,Near Normal,0,No drought,No drought
2022-05-01,Riyadh,-0.08692961,0.050226495,-0.1371561,0.1371561,0,0,No Drought,No Drought,Near Normal,Near Normal,0,No drought,No drought
2022-06-01,Riyadh,0.5284592,-0.05656157,0.5850208,0.5850208,0,0,No Drought,No Drought,Near Normal,Near Normal,0,No drought,No drought
2022-07-01,Riyadh,0.3676086,-0.091829315,0.4594379,0.4594379,0,0,No Drought,No Drought,Near Normal,Near Normal,0,No drought,No drought
2022-08-01,Riyadh,1.4479092,0.0016726939,1.4462365,1.4462365,0,0,No Drought,No Drought,Moderately Wet,Near Normal,0,No drought,No drought
2022-09-01,Riyadh,1.440937,0.096095994,1.344841,1.344841,0,0,No Drought,No Drought,Moderately Wet,Near Normal,0,No drought,No drought
2022-10-01,Riyadh,0.6966929,-0.07949106,0.77618396,0.77618396,0,0,No Drought,No Drought,Near Normal,Near Normal,0,No drought,No drought
2022-11-01,Riyadh,-1.2687073,-0.373,-0.89570725,0.89570725,1,0,Drought,No Drought,Moderate Drought,Near Normal,0,Drought,No drought
2022-12-01,Riyadh,1.3469763,-0.50014645,1.8471227,1.8471227,0,0,No Drought,No Drought,Moderately Wet,Near Normal,0,No drought,No drought
2023-01-01,Riyadh,2.3461115,1.2749281,1.0711834,1.0711834,0,0,No Drought,No Drought,Extremely Wet,Moderately Wet,0,No drought,No drought
2023-02-01,Riyadh,2.2745588,2.1479173,0.12664151,0.12664151,0,0,No Drought,No Drought,Extremely Wet,Extremely Wet,0,No drought,No drought
2023-03-01,Riyadh,1.8433993,1.1675489,0.6758504,0.6758504,0,0,No Drought,No Drought,Very Wet,Moderately Wet,0,No drought,No drought
2023-04-01,Riyadh,1.1981163,1.0898423,0.10827398,0.10827398,0,0,No Drought,No Drought,Moderately Wet,Moderately Wet,0,No drought,No drought
2023-05-01,Riyadh,1.5623062,1.7620064,-0.19970024,0.19970024,0,0,No Drought,No Drought,Very Wet,Very Wet,0,No drought,No drought
2023-06-01,Riyadh,1.8003387,1.3206011,0.47973764,0.47973764,0,0,No Drought,No Drought,Very Wet,Moderately Wet,0,No drought,No drought
2023-07-01,Riyadh,0.89914703,0.40853155,0.4906155,0.4906155,0,0,No Drought,No Drought,Near Normal,Near Normal,0,No drought,No drought
2023-08-01,Riyadh,-0.37919176,0.10732359,-0.48651534,0.48651534,0,0,No Drought,No Drought,Near Normal,Near Normal,0,No drought,No drought
2023-09-01,Riyadh,-0.3487557,0.11467679,-0.4634325,0.4634325,0,0,No Drought,No Drought,Near Normal,Near Normal,0,No drought,No drought
2023-10-01,Riyadh,1.1872784,-0.07625347,1.2635318,1.2635318,0,0,No Drought,No Drought,Moderately Wet,Near Normal,0,No drought,No drought
2023-11-01,Riyadh,0.84469634,-0.18146804,1.0261644,1.0261644,0,0,No Drought,No Drought,Near Normal,Near Normal,0,No drought,No drought
2023-12-01,Riyadh,0.6696065,0.2510834,0.4185231,0.4185231,0,0,No Drought,No Drought,Near Normal,Near Normal,0,No drought,No drought
2024-01-01,Riyadh,0.105291426,0.31044436,-0.20515293,0.20515293,0,0,No Drought,No Drought,Near Normal,Near Normal,0,No drought,No drought
2024-02-01,Riyadh,0.093186736,-0.26616767,0.3593544,0.3593544,0,0,No Drought,No Drought,Near Normal,Near Normal,0,No drought,No drought
2024-03-01,Riyadh,0.5826297,0.23698503,0.34564465,0.34564465,0,0,No Drought,No Drought,Near Normal,Near Normal,0,No drought,No drought
2024-04-01,Riyadh,1.5789483,1.2665864,0.31236184,0.31236184,0,0,No Drought,No Drought,Very Wet,Moderately Wet,0,No drought,No drought
2024-05-01,Riyadh,1.9499377,1.9926928,-0.042755127,0.042755127,0,0,No Drought,No Drought,Very Wet,Very Wet,0,No drought,No drought
2024-06-01,Riyadh,2.292187,1.8150368,0.4771502,0.4771502,0,0,No Drought,No Drought,Extremely Wet,Very Wet,0,No drought,No drought
2024-07-01,Riyadh,1.8232678,0.96187407,0.86139375,0.86139375,0,0,No Drought,No Drought,Very Wet,Near Normal,0,No drought,No drought
2024-08-01,Riyadh,-0.37919176,0.4585442,-0.83773595,0.83773595,0,0,No Drought,No Drought,Near Normal,Near Normal,0,No drought,No drought
2024-09-01,Riyadh,-0.3487557,0.47977573,-0.8285314,0.8285314,0,0,No Drought,No Drought,Near Normal,Near Normal,0,No drought,No drought
2024-10-01,Riyadh,0.58793324,0.31215373,0.27577952,0.27577952,0,0,No Drought,No Drought,Near Normal,Near Normal,0,No drought,No drought
2024-11-01,Riyadh,0.3912131,-0.19196114,0.5831742,0.5831742,0,0,No Drought,No Drought,Near Normal,Near Normal,0,No drought,No drought
2024-12-01,Riyadh,-0.0043975995,-0.16924576,0.16484816,0.16484816,0,0,No Drought,No Drought,Near Normal,Near Normal,0,No drought,No drought
2025-01-01,Riyadh,-0.55038035,-0.47798625,-0.0723941,0.0723941,0,0,No Drought,No Drought,Near Normal,Near Normal,0,No drought,No drought
2018-12-01,Taif,1.3371857,1.5979567,-0.26077092,0.26077092,0,0,No Drought,No Drought,Moderately Wet,Very Wet,0,No drought,No drought
2019-01-01,Taif,1.3384157,1.2415766,0.09683919,0.09683919,0,0,No Drought,No Drought,Moderately Wet,Moderately Wet,0,No drought,No drought
2019-02-01,Taif,0.5233184,0.8509179,-0.32759947,0.32759947,0,0,No Drought,No Drought,Near Normal,Near Normal,0,No drought,No drought
2019-03-01,Taif,0.28113,-0.04409668,0.32522666,0.32522666,0,0,No Drought,No Drought,Near Normal,Near Normal,0,No drought,No drought
2019-04-01,Taif,-1.3724364,-0.64339733,-0.7290391,0.7290391,1,0,Drought,No Drought,Moderate Drought,Near Normal,0,Drought,No drought
2019-05-01,Taif,-0.017050674,-0.7723092,0.7552585,0.7552585,0,0,No Drought,No Drought,Near Normal,Near Normal,0,No drought,No drought
2019-06-01,Taif,0.11503275,0.35152924,-0.2364965,0.2364965,0,0,No Drought,No Drought,Near Normal,Near Normal,0,No drought,No drought
2019-07-01,Taif,0.5280177,0.09508929,0.4329284,0.4329284,0,0,No Drought,No Drought,Near Normal,Near Normal,0,No drought,No drought
2019-08-01,Taif,-0.06143976,-0.20852973,0.14708996,0.14708996,0,0,No Drought,No Drought,Near Normal,Near Normal,0,No drought,No drought
2019-09-01,Taif,-0.07030059,-0.1724468,0.102146216,0.102146216,0,0,No Drought,No Drought,Near Normal,Near Normal,0,No drought,No drought
2019-10-01,Taif,-0.19543198,-0.32080463,0.12537265,0.12537265,0,0,No Drought,No Drought,Near Normal,Near Normal,0,No drought,No drought
2019-11-01,Taif,-0.40111372,-0.43408212,0.032968402,0.032968402,0,0,No Drought,No Drought,Near Normal,Near Normal,0,No drought,No drought
2019-12-01,Taif,-0.6335971,-0.35810667,-0.2754904,0.2754904,0,0,No Drought,No Drought,Near Normal,Near Normal,0,No drought,No drought
2020-01-01,Taif,-0.9331968,-0.47009423,-0.46310255,0.46310255,0,0,No Drought,No Drought,Near Normal,Near Normal,0,No drought,No drought
2020-02-01,Taif,-0.37095857,-0.60966724,0.23870867,0.23870867,0,0,No Drought,No Drought,Near Normal,Near Normal,0,No drought,No drought
2020-03-01,Taif,0.007264757,-0.22163057,0.22889534,0.22889534,0,0,No Drought,No Drought,Near Normal,Near Normal,0,No drought,No drought
2020-04-01,Taif,0.1984762,-0.11240355,0.31087974,0.31087974,0,0,No Drought,No Drought,Near Normal,Near Normal,0,No drought,No drought
2020-05-01,Taif,0.75374925,0.06307973,0.69066954,0.69066954,0,0,No Drought,No Drought,Near Normal,Near Normal,0,No drought,No drought
2020-06-01,Taif,0.9191422,1.2723985,-0.3532563,0.3532563,0,0,No Drought,No Drought,Near Normal,Moderately Wet,0,No drought,No drought
2020-07-01,Taif,1.5918237,1.1641728,0.42765093,0.42765093,0,0,No Drought,No Drought,Very Wet,Moderately Wet,0,No drought,No drought
2020-08-01,Taif,1.0519894,1.1572261,-0.10523665,0.10523665,0,0,No Drought,No Drought,Moderately Wet,Moderately Wet,0,No drought,No drought
2020-09-01,Taif,1.5371286,0.72724706,0.8098815,0.8098815,0,0,No Drought,No Drought,Very Wet,Near Normal,0,No drought,No drought
2020-10-01,Taif,1.3533747,1.2724237,0.080950975,0.080950975,0,0,No Drought,No Drought,Moderately Wet,Moderately Wet,0,No drought,No drought
2020-11-01,Taif,1.279859,1.2736852,0.00617373,0.00617373,0,0,No Drought,No Drought,Moderately Wet,Moderately Wet,0,No drought,No drought
2020-12-01,Taif,0.5923895,1.2047889,-0.6123994,0.6123994,0,0,No Drought,No Drought,Near Normal,Moderately Wet,0,No drought,No drought
2021-01-01,Taif,1.254983,0.36809576,0.8868872,0.8868872,0,0,No Drought,No Drought,Moderately Wet,Near Normal,0,No drought,No drought
2021-02-01,Taif,1.9229084,1.5252346,0.39767385,0.39767385,0,0,No Drought,No Drought,Very Wet,Very Wet,0,No drought,No drought
2021-03-01,Taif,2.2143626,1.8660656,0.348297,0.348297,0,0,No Drought,No Drought,Extremely Wet,Very Wet,0,No drought,No drought
2021-04-01,Taif,2.0502021,0.79087,1.2593322,1.2593322,0,0,No Drought,No Drought,Extremely Wet,Near Normal,0,No drought,No drought
2021-05-01,Taif,1.5482962,1.9197439,-0.37144768,0.37144768,0,0,No Drought,No Drought,Very Wet,Very Wet,0,No drought,No drought
2021-06-01,Taif,1.6058106,1.6892859,-0.08347523,0.08347523,0,0,No Drought,No Drought,Very Wet,Very Wet,0,No drought,No drought
2021-07-01,Taif,0.54335004,0.42586845,0.11748159,0.11748159,0,0,No Drought,No Drought,Near Normal,Near Normal,0,No drought,No drought
2021-08-01,Taif,0.25420952,-0.31109807,0.5653076,0.5653076,0,0,No Drought,No Drought,Near Normal,Near Normal,0,No drought,No drought
2021-09-01,Taif,0.6916558,-0.1630056,0.8546614,0.8546614,0,0,No Drought,No Drought,Near Normal,Near Normal,0,No drought,No drought
2021-10-01,Taif,0.4377975,0.39189258,0.045904905,0.045904905,0,0,No Drought,No Drought,Near Normal,Near Normal,0,No drought,No drought
2021-11-01,Taif,0.20517695,-0.015769599,0.22094655,0.22094655,0,0,No Drought,No Drought,Near Normal,Near Normal,0,No drought,No drought
2021-12-01,Taif,-0.14853385,-0.027984513,-0.120549336,0.120549336,0,0,No Drought,No Drought,Near Normal,Near Normal,0,No drought,No drought
2022-01-01,Taif,0.33516324,0.044068366,0.29109487,0.29109487,0,0,No Drought,No Drought,Near Normal,Near Normal,0,No drought,No drought
2022-02-01,Taif,0.6990437,0.72738236,-0.02833867,0.02833867,0,0,No Drought,No Drought,Near Normal,Near Normal,0,No drought,No drought
2022-03-01,Taif,0.7405264,0.5161435,0.22438288,0.22438288,0,0,No Drought,No Drought,Near Normal,Near Normal,0,No drought,No drought
2022-04-01,Taif,0.7233218,-0.10117699,0.8244988,0.8244988,0,0,No Drought,No Drought,Near Normal,Near Normal,0,No drought,No drought
2022-05-01,Taif,0.44405723,0.92361134,-0.47955412,0.47955412,0,0,No Drought,No Drought,Near Normal,Near Normal,0,No drought,No drought
2022-06-01,Taif,0.48903137,0.6087269,-0.119695544,0.119695544,0,0,No Drought,No Drought,Near Normal,Near Normal,0,No drought,No drought
2022-07-01,Taif,-0.45351264,-0.06585405,-0.3876586,0.3876586,0,0,No Drought,No Drought,Near Normal,Near Normal,0,No drought,No drought
2022-08-01,Taif,0.8658183,-0.35107097,1.2168893,1.2168893,0,0,No Drought,No Drought,Near Normal,Near Normal,0,No drought,No drought
2022-09-01,Taif,0.9098465,0.7235985,0.186248,0.186248,0,0,No Drought,No Drought,Near Normal,Near Normal,0,No drought,No drought
2022-10-01,Taif,0.9308936,0.4645304,0.4663632,0.4663632,0,0,No Drought,No Drought,Near Normal,Near Normal,0,No drought,No drought
2022-11-01,Taif,1.5841326,0.40818045,1.1759521,1.1759521,0,0,No Drought,No Drought,Very Wet,Near Normal,0,No drought,No drought
2022-12-01,Taif,2.4419408,1.7414727,0.70046806,0.70046806,0,0,No Drought,No Drought,Extremely Wet,Very Wet,0,No drought,No drought
2023-01-01,Taif,2.6901803,2.446236,0.2439444,0.2439444,0,0,No Drought,No Drought,Extremely Wet,Extremely Wet,0,No drought,No drought
2023-02-01,Taif,2.4058158,1.9189366,0.48687923,0.48687923,0,0,No Drought,No Drought,Extremely Wet,Very Wet,0,No drought,No drought
2023-03-01,Taif,1.3607011,0.28913075,1.0715704,1.0715704,0,0,No Drought,No Drought,Moderately Wet,Near Normal,0,No drought,No drought
2023-04-01,Taif,2.091605,0.86150986,1.2300951,1.2300951,0,0,No Drought,No Drought,Extremely Wet,Near Normal,0,No drought,No drought
2023-05-01,Taif,2.211569,2.2099574,0.0016117096,0.0016117096,0,0,No Drought,No Drought,Extremely Wet,Extremely Wet,0,No drought,No drought
2023-06-01,Taif,2.1708348,2.2581866,-0.0873518,0.0873518,0,0,No Drought,No Drought,Extremely Wet,Extremely Wet,0,No drought,No drought
2023-07-01,Taif,1.4581852,1.6139479,-0.15576267,0.15576267,0,0,No Drought,No Drought,Moderately Wet,Very Wet,0,No drought,No drought
2023-08-01,Taif,1.0784655,0.3785995,0.69986594,0.69986594,0,0,No Drought,No Drought,Moderately Wet,Near Normal,0,No drought,No drought
2023-09-01,Taif,0.80046254,0.39091575,0.4095468,0.4095468,0,0,No Drought,No Drought,Near Normal,Near Normal,0,No drought,No drought
2023-10-01,Taif,1.1073823,0.60957885,0.49780345,0.49780345,0,0,No Drought,No Drought,Moderately Wet,Near Normal,0,No drought,No drought
2023-11-01,Taif,1.4709042,0.99671584,0.4741884,0.4741884,0,0,No Drought,No Drought,Moderately Wet,Near Normal,0,No drought,No drought
2023-12-01,Taif,1.6757509,1.759396,-0.083645105,0.083645105,0,0,No Drought,No Drought,Very Wet,Very Wet,0,No drought,No drought
2024-01-01,Taif,1.4586174,1.9762694,-0.5176519,0.5176519,0,0,No Drought,No Drought,Moderately Wet,Very Wet,0,No drought,No drought
2024-02-01,Taif,0.98654515,0.870198,0.116347134,0.116347134,0,0,No Drought,No Drought,Near Normal,Near Normal,0,No drought,No drought
2024-03-01,Taif,0.5692869,-0.29462382,0.8639107,0.8639107,0,0,No Drought,No Drought,Near Normal,Near Normal,0,No drought,No drought
2024-04-01,Taif,1.880398,0.57418454,1.3062135,1.3062135,0,0,No Drought,No Drought,Very Wet,Near Normal,0,No drought,No drought
2024-05-01,Taif,1.9037738,2.0221255,-0.1183517,0.1183517,0,0,No Drought,No Drought,Very Wet,Extremely Wet,0,No drought,No drought
2024-06-01,Taif,1.8511629,1.9909118,-0.13974893,0.13974893,0,0,No Drought,No Drought,Very Wet,Very Wet,0,No drought,No drought
2024-07-01,Taif,1.0886544,1.2885365,-0.19988215,0.19988215,0,0,No Drought,No Drought,Moderately Wet,Moderately Wet,0,No drought,No drought
2024-08-01,Taif,2.2496386,0.2025786,2.04706,2.04706,0,0,No Drought,No Drought,Extremely Wet,Near Normal,0,No drought,No drought
2024-09-01,Taif,2.4498103,1.9616436,0.4881667,0.4881667,0,0,No Drought,No Drought,Extremely Wet,Very Wet,0,No drought,No drought
2024-10-01,Taif,2.9689152,2.162455,0.80646014,0.80646014,0,0,No Drought,No Drought,Extremely Wet,Extremely Wet,0,No drought,No drought
2024-11-01,Taif,1.7729715,2.4005225,-0.62755096,0.62755096,0,0,No Drought,No Drought,Very Wet,Extremely Wet,0,No drought,No drought
2024-12-01,Taif,1.2910724,1.5115751,-0.22050273,0.22050273,0,0,No Drought,No Drought,Moderately Wet,Very Wet,0,No drought,No drought
2025-01-01,Taif,-0.41797403,0.02404222,-0.44201624,0.44201624,0,0,No Drought,No Drought,Near Normal,Near Normal,0,No drought,No drought
